product_name,price
ADAPTER CHARGER COMMY ADD 2.1A & 8 PIN LIGHTNING,300
ADAPTER CHARGER COMMY ADD 2.1A & MICRO USB,300
ADAPTER  CHARGER COMMY ADD 2.1A & MICRO USB,300
ADAPTER   CHARGER COMMY DUAL USB & MICRO USB CABLE [ADQC AUTO-ID] VERSION 3.0,390
ADAPTER CHARGER HOCO C15 WITH 3X USB [3A MAX] LED DIGITAL (WHITE),250
ADAPTER   CHARGER HOCO UH101 ADAPTER & LIGHTNING (WHITE),150
ADAPTER   UGREEN USB-C 3.1 TO MICRO USB [30154],150
AVANTREE RECEIVER ROXA BLUETOOTH 4.0 MUSIC [BTRC-300-WGR-EU],990
AVANTREE CABLE CHARGE LIGHTNING SYNC FOR I-PHONE 5/5S [FDKB-IF5-WHT],150
AVANTREE CABLE CHARGER MICRO USB SYNC CHARGE [FDKB-MRO-2M-WHT],170
AVANTREE MICRO USB SYNC CHARGE CABLE [FDKB-TR181-BLK],130
AVANTREE MICRO USB SYNC CHARGE CABLE [FDKB-TR181-WHITE],130
"AVANTREE SYNC CHARGE CABLE FOR I-PAD 2/1, I-PHONE 4 FDKB-IFA",120
AVANTREE ARMBAND SPORT WAIST PACK I-PHONE 6 WALLABY [KSAM-006-BLK],290
AVANTREE ARMBAND SHIELD I-PHONE 6 [KSAM-002-BLK],290
AVANTREE ARMBAND SPORTS WAIST I-PHONE 6S/7 PLUS WALLAROO [KSAM-006P-BLK],290
AVANTREE ARMBAND SUPER SLIM SPORTS LYCRA [TR803],450
AVANTREE TR302 TANO UNIVERSAL HEADPHONE SPLITTER [ADAD-TR302-WHT],150
AVANTREE CAR CHARGER DUAL USB QUICK CAR CHARGER TR409Q,390
AVANTREE HEADPHONES SPORTS WITH MICROPHONE SEAHORSE [ADHF-013-BLK],470
CABLE CHARGER COMMY DC 222 NYLON FOR 8 PIN [I-PHONE] 100 CM (GOLD),150
CABLE CHARGER KONNECT COTEETCI FOR I-PHONE [1.2 METER] (ROSE GOLD),150
CABLE CHARGER KONNECT COTEETCI FOR I-PHONE [2 METER] (SILVER),190
CABLE CHARGER REMAX FULL SPEED SMARTPHONE 100 CM (RED),120
CABLE CHARGER REMAX LASER I-PHONE 6 [RC035I5] (ROSE GOLD),180
CABLE CHARGER REMAX LASER I-PHONE 6 [RC035I5] (WHITE),180
CAR HOLDER HOCO CA23 LOTTO SERIES MAGNETIC AIR OUTLET ,240
CHARGER CAR COMMY CCU 3.4A DUAL USB (MICRO),290
CHARGER WIRELESS ANITECH WC01 (BLACK),199
CHARGER WIRELESS ANITECH WC02 (WHITE),490
CHARGING HOCO P5 DOCK FOR APPLE (BLACK),350
EARPHONE COMMY ST ECHO 3 VERSION 1.0 IN EAR (BLACK),190
EARPHONE HOCO L5 DIGITAL TALKING LIGHTNING (HCL5),650
EARPHONE HOCO WIRELESS E12 MINI WIRELESS (WHITE),290
EARPHONES BLUETOOTH KS RIBBONS WITH MICROPHONE,990
FEIYU 3 - AXIS HANDHELD GIMBAL FOR SMARTPHONE (FEIYU-SPG),"9,900"
FEIYU 3 - AXIS HANDHELD GIMBAL FOR SMP&ACT; CAM,"8,900"
HEADSET BLUETOOTH AWEI A880BL (RED),650
HEADSET BLUETOOTH AWEI N1 (GRAY),390
LAMPTAN SMARTHOME DOOR & WINDOWS SENSOR (SD0002AAA05),"1,200"
LAMPTAN SMARTHOME SMART WI-FI SOCKET [SW0004REA08] (RED),"1,200"
LAMPTAN SMARTHOME SECURITY KIT (SH0003AAB05),"3,990"
LAMPTAN SMARTHOME WI-FI CAMERA [SW0001AAA05] (WHITE),"1,750"
MASSAGE CHAIR BEPRO,"129,000"
MASSAGE CHAIR TITAN,"39,900"
MASSAGE CHAIR HULA CHAIR,"3,990"
MASSAGE CHAIR IUNI IMASSAGE,"6,900"
MASSAGE CHAIR ISTEPP E-8099,"9,900"
MASSAGE EYE ISEE108,"2,990"
MI HEADPHONES COMFORT (WHITE),"1,790"
MI IN-EAR HEADPHONES BASIC (SILVER) [ZBW4355TY],290
MI IN-EAR HEADPHONES PRO HD (SILVER) [ZBW4369TY],"1,190"
MI BLUETOOTH HEADSET (BLACK),690
MI SPORTS BLUETOOTH EARPHONES (BLACK),"1,290"
MI CAR CHARGER,490
PAPER HP ZINK STICKY-BACKED PAPER 20 SHEETS 2X3,350
PAPER HP ZINK STICKY-BACKED PAPER 50 SHEETS 2X3,790
POWER BANK COMMY TB Z515 15000 mAh (WHITE),690
POWER BANK COMMY TB Z6 18000 mAh (SILVER),700
POWER BANK ELOOP (ORSEN) [E12] 11000 mAh (GREEN),540
POWER BANK ELOOP (ORSEN) [E12] 11000 mAh (WOOD),560
POWER BANK ELOOP (ORSEN) [E14] 20000 mAh (GOLD),700
POWER BANK ELOOP (ORSEN) [E14] 20000 mAh (SILVER),700
POWER BANK MAXOAK PS5B 120000 mAh/400 Wh,"19,000"
POWER BANK TP-LINK 10400 mAh (TL-PB10400),690
POWER BANK YOOBAO 20000 mAh [Q20C] (BLACK),990
SELFIE STICK MI [WIRED REMOTE SHUTTER] (BLACK),390
SELFIE STICK MI [WIRED REMOTE SHUTTER] (GRAY),390
